{"name":"331d0a52-0945-4a3a-b35c-8b8d57f3d586","id":"/providers/Microsoft.Flow/flows/331d0a52-0945-4a3a-b35c-8b8d57f3d586","type":"Microsoft.Flow/flows","properties":{"apiId":"/providers/Microsoft.PowerApps/apis/shared_logicflows","displayName":"SharePoint News (RSS)","definition":{"metadata":{"workflowEntityId":null,"processAdvisorMetadata":null,"flowChargedByPaygo":null,"flowclientsuspensionreason":"None","flowclientsuspensiontime":null,"flowclientsuspensionreasondetails":"","creator":{"id":"bf1eb002-9235-4449-9470-16a65f041d09","type":"User","tenantId":"14a1af9e-b28c-4b27-b243-25c33db6fffa"},"provisioningMethod":"FromDefinition","failureAlertSubscription":true,"clientLastModifiedTime":"2025-07-18T12:10:51.395689Z","connectionKeySavedTimeKey":"2025-07-16T14:10:56.2749419Z","creationSource":"Portal","modifiedSources":"Portal"},"$schema":"https://schema.management.azure.com/providers/Microsoft.Logic/schemas/2016-06-01/workflowdefinition.json#","contentVersion":"1.0.0.0","parameters":{"$authentication":{"defaultValue":{},"type":"SecureObject"},"$connections":{"defaultValue":{},"type":"Object"}},"triggers":{"When_a_feed_item_is_published":{"recurrence":{"frequency":"Minute","interval":1},"splitOn":"@triggerOutputs()?['body/value']","type":"OpenApiConnection","inputs":{"parameters":{"feedUrl":"https://cvefeed.io/rssfeed/latest.xml","sinceProperty":"PublishDate"},"host":{"apiId":"/providers/Microsoft.PowerApps/apis/shared_rss","connectionName":"shared_rss","operationId":"OnNewFeed"},"authentication":"@parameters('$authentication')"}}},"actions":{"Html_to_text":{"runAfter":{},"type":"OpenApiConnection","inputs":{"parameters":{"Content":"<p class=\"editor-paragraph\">@{triggerOutputs()?['body/summary']}</p>"},"host":{"apiId":"/providers/Microsoft.PowerApps/apis/shared_conversionservice","connectionName":"shared_conversionservice","operationId":"HtmlToText"},"authentication":"@parameters('$authentication')"}},"Send_an_HTTP_request_to_SharePoint":{"runAfter":{"Html_to_text":["Succeeded"]},"type":"OpenApiConnection","inputs":{"parameters":{"dataset":"https://maristcollege.sharepoint.com/sites/RSSSandbox","parameters/method":"POST","parameters/uri":"/_api/sitepages/pages/reposts","parameters/headers":{"content-type":"application/json; odata=verbose; charset=utf-8","accept":"application/json"},"parameters/body":"{\"BannerImageUrl\":\"https://pbs.twimg.com/profile_images/1886888720898412544/40A9jtVN_400x400.jpg\",\"Description\":\"@{body('Html_to_text')}\",\"IsBannerImageUrlExternal\":true,\"OriginalSourceUrl\":\"@{triggerOutputs()?['body/primaryLink']}\",\"ShouldSaveAsDraft\":false,\"Title\":\"@{triggerOutputs()?['body/title']}\",\"__metadata\":{\"type\":\"SP.Publishing.RepostPage\"}}"},"host":{"apiId":"/providers/Microsoft.PowerApps/apis/shared_sharepointonline","connectionName":"shared_sharepointonline","operationId":"HttpRequest"},"authentication":"@parameters('$authentication')"}}},"outputs":{},"description":""},"connectionReferences":{"shared_rss":{"connectionName":"shared-rss-fc9565af-4101-49b4-a780-a3108d63cddf","source":"Embedded","id":"/providers/Microsoft.PowerApps/apis/shared_rss","tier":"NotSpecified","apiName":"rss","isProcessSimpleApiReferenceConversionAlreadyDone":false},"shared_conversionservice":{"connectionName":"shared-conversionser-ac8a4abe-8c37-4c44-b09f-b7c2261019e8","source":"Embedded","id":"/providers/Microsoft.PowerApps/apis/shared_conversionservice","tier":"NotSpecified","apiName":"conversionservice","isProcessSimpleApiReferenceConversionAlreadyDone":false},"shared_sharepointonline":{"connectionName":"518ba4cac78e4340b265eab544bdd59f","source":"Embedded","id":"/providers/Microsoft.PowerApps/apis/shared_sharepointonline","tier":"NotSpecified","apiName":"sharepointonline","isProcessSimpleApiReferenceConversionAlreadyDone":false}},"flowFailureAlertSubscribed":false,"isManaged":false}}